test_index,image_file,caption_A,caption_B,preferred,notes,A_object_correct,A_action_correct,A_hallucination,A_readability,B_object_correct,B_action_correct,B_hallucination,B_readability
640,test_0640.jpg,a snowboarder jumps off a pole while another snowboarder watches.,snowboarder in the air,,,,,,,,,,
19,test_0019.jpg,a group of people playing music on a stage,a group of people are playing instruments and singing.,,,,,,,,,,
272,test_0272.jpg,a man riding a dirt bike on a dirt track,a person on a dirt bike is riding on a dirt track.,,,,,,,,,,
459,test_0459.jpg,a man in a white shirt and black shorts,a man in a white shirt and black shorts is walking through the jungle.,,,,,,,,,,
581,test_0581.jpg,white clouds in the sky,a hiker is walking up a rocky hill.,,,,,,,,,,
419,test_0419.jpg,a basketball player wearing an orange jersey.,a man wearing an orange jersey,,,,,,,,,,
451,test_0451.jpg,three children are sitting on a swing.,two girls sitting on a swing,,,,,,,,,,
840,test_0840.jpg,a black and white dog,a black and white dog and a black and white dog are standing on the side of a road.,,,,,,,,,,
495,test_0495.jpg,a white dog is laying on the floor.,the dog is white,,,,,,,,,,
222,test_0222.jpg,a group of people are waiting on a subway platform.,the train is white,,,,,,,,,,
378,test_0378.jpg,a man and a child are standing in front of a tent.,a man holding a child on his shoulders,,,,,,,,,,
747,test_0747.jpg,a young boy holding a basketball ball on a court,a boy in a white shirt is holding a basketball.,,,,,,,,,,
996,test_0996.jpg,a large group of people are standing in front of a large building.,a group of people standing in front of a large building,,,,,,,,,,
956,test_0956.jpg,a basketball player in a blue uniform attempts to block a player in a white uniform.,a man in a blue and white uniform,,,,,,,,,,
568,test_0568.jpg,the man is wearing a white shirt,a man in a white shirt is fighting with a man in a red mask.,,,,,,,,,,
43,test_0043.jpg,a girl with a sign on her chest smiles at a man.,a young girl with a sign on her chest,,,,,,,,,,
262,test_0262.jpg,a man in a black shirt is standing next to a traffic light.,a man standing on a sidewalk next to a traffic light,,,,,,,,,,
829,test_0829.jpg,people walking on the beach,a group of people stand on the beach at sunset.,,,,,,,,,,
638,test_0638.jpg,a woman in a blue shirt is putting a putt on a golf course.,the woman is wearing a blue shirt,,,,,,,,,,
394,test_0394.jpg,a group of children sit at a bar.,a group of kids sitting at a bar,,,,,,,,,,
